epoch,train_losses,test_losses,train_accuracies,test_accuracies,test_f1s,train_f1s,train_roc_aucs,test_roc_aucs
0,0.0491474318384592,0.04608072775105635,0.5446428571428571,0.5364583333333334,0.0,0.019128586609989374,0.5004797135231919,0.5
1,0.04443111935896533,0.04560059184829394,0.5569196428571429,0.5364583333333334,0.0,0.0,0.5,0.5
