epoch,train_losses,test_losses,train_accuracies,test_accuracies,test_f1s,train_f1s,train_roc_aucs,test_roc_aucs
0,0.12015485167503356,0.09460877440869808,0.522352933883667,0.5865853428840637,0.3404669165611267,0.33442622423171997,0.5057700276374817,0.5418803095817566
1,0.07711563035845756,0.06889016926288605,0.6670588254928589,0.6939024329185486,0.18241041898727417,0.21678966283798218,0.5385223627090454,0.5839884281158447
