epoch,train_losses,test_losses,train_accuracies,test_accuracies,test_f1s,train_f1s,train_roc_aucs,test_roc_aucs
0,0.6965686604380608,243.99366251627603,0.5474330357142857,0.5364583333333334,0.0,0.04604604604604605,0.503430815025018,0.5
1,0.6931482755712101,317.1705786387126,0.5563616071428571,0.5364583333333334,0.0,0.0,0.49988851727982164,0.5
