epoch,train_losses,test_losses,train_accuracies,test_accuracies,test_f1s,train_f1s,train_roc_aucs,test_roc_aucs
0,0.5337479157107217,0.4981575806935628,0.7806919642857143,0.8151041666666666,0.8151041666666666,0.7806919642857143,0.5,0.5
1,0.5325697830745152,0.4981575806935628,0.7806919642857143,0.8151041666666666,0.8151041666666666,0.7806919642857143,0.5,0.5
