Mean,Std
0.44932646,0.2554862
0.27223358,0.16185628
0.14052208,0.08848413
