Mean,Std
0.44932786,0.25480986
0.27223423,0.1612371
0.14052226,0.087925605
